Name,lambda0.005_Outcome,lambda0.01_Outcome,lambda0.025_Outcome,lambda0.3_Outcome,lambda0.055_Outcome,OR_stats_Outcome,lambda0.005_TotalSplits,lambda0.01_TotalSplits,lambda0.025_TotalSplits,lambda0.3_TotalSplits,lambda0.055_TotalSplits,OR_stats_TotalSplits,lambda0.005_Runtime,lambda0.01_Runtime,lambda0.025_Runtime,lambda0.3_Runtime,lambda0.055_Runtime,OR_stats_Runtime,lambda0.005_Inlining_Rate,lambda0.01_Inlining_Rate,lambda0.025_Inlining_Rate,lambda0.3_Inlining_Rate,lambda0.055_Inlining_Rate,OR_stats_Inlining_Rate,Who_Performed_Better,Inlining_Rate_For_Best_Runtime
Imapi_removelockrelease2_0.bpl.bpl.txt,OK,OK,TIMEDOUT,TIMEDOUT,TIMEDOUT,TIMEDOUT,638,186,243,297,331,320,2429.849224,1358.837797,3598.218292,3598.347146,3598.327885,3598.263304,24.02904820766378,20.11542991755006,8.288832913518052,3.610240334378265,4.381222432262129,3.6087824351297404,lambda0.01,20.11542991755006
parzip_nsremovelockmnremove_0.bpl.bpl.txt,OK,OK,OK,TIMEDOUT,TIMEDOUT,OK,177,613,831,2091,2157,1225,389.96141,1528.399011,1715.6923479999998,3598.416875,3598.58502,2238.4122119999997,13.49812734082397,14.825465838509317,6.265345891523221,3.3685652769622236,3.513328492894928,3.4013218567476176,lambda0.005,13.49812734082397
sys_zwregistrycreate_0.bpl.bpl.txt,TIMEDOUT,OK,TIMEDOUT,OK,OK,OK,86,90,87,29,37,29,3598.767963,2191.832437,3598.694651,273.337671,3457.450621,313.382545,7.645283018867924,8.927083333333334,11.66225165562914,9.395348837209303,9.5,13.03225806451613,lambda0.3,9.395348837209303
serial_markingqueuedirps_1.bpl.bpl.txt,TIMEDOUT,TIMEDOUT,TIMEDOUT,OK,TIMEDOUT,OK,1670,1899,1819,1592,1522,534,3597.646805,3597.656293,3597.702655,3367.3739929999997,3597.613911,1234.280444,19.022808815991798,22.408717105263158,22.570501622161217,18.733505154639175,19.337868480725625,17.43360160965795,OR_stats,17.43360160965795
hw_irqliopassive2_0.bpl.bpl.txt,TIMEDOUT,TIMEDOUT,OK,OK,OK,OK,1673,1706,1540,944,848,968,3597.862121,3597.83475,3329.223365,2209.33767,2184.6403849999997,1997.439769,10.425544917498472,11.850236730625467,12.6872574385511,10.507478081485301,11.138724911452185,10.954086781029263,OR_stats,10.954086781029263
mp_iobuildfsdirpsignaleventincompletiontimeout_0.bpl.bpl.txt,OK,OK,OK,TIMEDOUT,OK,OK,615,479,497,2413,694,937,1996.1482030000002,1072.909457,861.184782,3596.501855,1117.4773870000001,1475.478259,12.011318619128467,10.913068181818181,6.90255905511811,6.441290789116876,6.338809671419715,6.5080505325736935,lambda0.025,6.90255905511811
