Name,lambda0.005_Outcome,lambda0.01_Outcome,lambda0.025_Outcome,lambda0.055_Outcome,lambda0.3_Outcome,lambda0.005_TotalSplits,lambda0.01_TotalSplits,lambda0.025_TotalSplits,lambda0.055_TotalSplits,lambda0.3_TotalSplits,lambda0.005_Runtime,lambda0.01_Runtime,lambda0.025_Runtime,lambda0.055_Runtime,lambda0.3_Runtime,lambda0.005_Inlining_Rate,lambda0.01_Inlining_Rate,lambda0.025_Inlining_Rate,lambda0.055_Inlining_Rate,lambda0.3_Inlining_Rate,Who_Performed_Better,Inlining_Rate_For_Best_Runtime
mp_iobuildfsdirpsignaleventincompletiontimeout_0.bpl.bpl.txt,OK,OK,OK,OK,TIMEDOUT,615,479,497,694,2413,1996.1482030000002,1072.909457,861.184782,1117.4773870000001,3596.501855,12.011318619128467,10.913068181818181,6.90255905511811,6.338809671419715,6.441290789116876,lambda0.025,6.90255905511811
parzip_nsremovelockmnremove_0.bpl.bpl.txt,OK,OK,OK,TIMEDOUT,TIMEDOUT,177,613,831,2157,2091,389.96141,1528.399011,1715.6923479999998,3598.58502,3598.416875,13.49812734082397,14.825465838509317,6.265345891523221,3.513328492894928,3.3685652769622236,lambda0.005,13.49812734082397
Imapi_removelockrelease2_0.bpl.bpl.txt,OK,OK,TIMEDOUT,TIMEDOUT,TIMEDOUT,638,186,243,331,297,2429.849224,1358.837797,3598.218292,3598.327885,3598.347146,24.02904820766378,20.11542991755006,8.288832913518052,4.381222432262129,3.610240334378265,lambda0.01,20.11542991755006
serial_markingqueuedirps_1.bpl.bpl.txt,TIMEDOUT,TIMEDOUT,TIMEDOUT,TIMEDOUT,OK,1670,1899,1819,1522,1592,3597.646805,3597.656293,3597.702655,3597.613911,3367.3739929999997,19.022808815991798,22.408717105263158,22.570501622161217,19.337868480725625,18.733505154639175,lambda0.3,18.733505154639175
sys_zwregistrycreate_0.bpl.bpl.txt,TIMEDOUT,OK,TIMEDOUT,OK,OK,86,90,87,37,29,3598.767963,2191.832437,3598.694651,3457.450621,273.337671,7.645283018867924,8.927083333333334,11.66225165562914,9.5,9.395348837209303,lambda0.3,9.395348837209303
hw_irqliopassive2_0.bpl.bpl.txt,TIMEDOUT,TIMEDOUT,OK,OK,OK,1673,1706,1540,848,944,3597.862121,3597.83475,3329.223365,2184.6403849999997,2209.33767,10.425544917498472,11.850236730625467,12.6872574385511,11.138724911452185,10.507478081485301,lambda0.055,11.138724911452185
